1, 152, 30, 122, 241, 374, 30, 122, 374, 122, 30, 241
2, 144, 98, 46, 170, 377, 378, 384, 382, 385, 395, 399, 253, 335, 381, 488, 487, 481
3, 240, 100, 375, 100, 375
4, 144, 98, 46, 170, 377, 378, 384, 382, 385, 395, 399, 253, 335, 381, 488, 487, 481
5, 152, 98, 46, 170, 213, 279, 280, 282, 283, 284, 198, 402, 403, 483, 253, 335, 381, 488, 487, 481
6, 144, 98, 46, 170, 377, 378, 384, 382, 385, 395, 399, 253, 335, 381, 488, 487, 481
7, 144, 98, 46, 170, 377, 378, 384, 382, 385, 395, 399, 253, 335, 381, 488, 487, 481
8, 144, 98, 46, 170, 377, 378, 384, 382, 385, 395, 399, 253, 335, 381, 488, 487, 481
9, 171, 98, 46, 170, 245, 380, 335, 472, 453, 483, 253, 335, 381, 488, 487, 481
10, 173, 98, 46, 170, 357, 383, 421, 484, 53, 470, 481, 335, 380, 453, 253, 335, 381, 488, 487, 481
11, 1064, 100, 375, 100, 375, 437, 437
12, 138, 98, 46, 170, 340, 407, 485, 465, 459, 335, 481, 453, 253, 335, 381, 488, 487, 481
13, 152, 98, 46, 170, 213, 279, 280, 282, 283, 284, 198, 402, 403, 483, 253, 335, 381, 488, 487, 481
14, 152, 98, 46, 170, 213, 279, 280, 282, 283, 284, 198, 402, 403, 483, 253, 335, 381, 488, 487, 481
15, 152, 98, 46, 170, 213, 279, 280, 282, 283, 284, 198, 402, 403, 483, 253, 335, 381, 488, 487, 481
16, 152, 98, 46, 170, 213, 279, 280, 282, 283, 284, 198, 402, 403, 483, 253, 335, 381, 488, 487, 481
17, 171, 98, 46, 170, 245, 380, 335, 472, 453, 483, 253, 335, 381, 488, 487, 481
18, 171, 98, 46, 170, 245, 380, 335, 472, 453, 483, 253, 335, 381, 488, 487, 481
19, 138, 98, 46, 170, 340, 407, 485, 465, 459, 335, 481, 453, 253, 335, 381, 488, 487, 481
20, 144, 98, 46, 170, 377, 378, 384, 382, 385, 395, 399, 253, 335, 381, 488, 487, 481
21, 171, 98, 46, 170, 245, 380, 335, 472, 453, 483, 253, 335, 381, 488, 487, 481
22, 171, 98, 46, 170, 245, 380, 335, 472, 453, 483, 253, 335, 381, 488, 487, 481
23, 173, 98, 46, 170, 357, 383, 421, 484, 53, 470, 481, 335, 380, 453, 253, 335, 381, 488, 487, 481
24, 173, 98, 46, 170, 357, 383, 421, 484, 53, 470, 481, 335, 380, 453, 253, 335, 381, 488, 487, 481
25, 173, 98, 46, 170, 357, 383, 421, 484, 53, 470, 481, 335, 380, 453, 253, 335, 381, 488, 487, 481
26, 173, 98, 46, 170, 357, 383, 421, 484, 53, 470, 481, 335, 380, 453, 253, 335, 381, 488, 487, 481
27, 146, 98, 46, 170, 253, 335, 381, 488, 487, 481
28, 138, 98, 46, 170, 340, 407, 485, 465, 459, 335, 481, 453, 253, 335, 381, 488, 487, 481
29, 138, 98, 46, 170, 340, 407, 485, 465, 459, 335, 481, 453, 253, 335, 381, 488, 487, 481
30, 125, 1, 118, 238, 373, 415, 461, 122
31, 144, 98, 46, 170, 377, 378, 384, 382, 385, 395, 399, 253, 335, 381, 488, 487, 481
32, 146, 98, 46, 170, 253, 335, 381, 488, 487, 481
33, 146, 98, 46, 170, 253, 335, 381, 488, 487, 481
34, 146, 98, 46, 170, 253, 335, 381, 488, 487, 481
35, 146, 98, 46, 170, 253, 335, 381, 488, 487, 481
36, 144, 98, 46, 170, 377, 378, 384, 382, 385, 395, 399, 253, 335, 381, 488, 487, 481
37, 131, 98, 46, 170, 213, 253, 335, 381, 488, 487, 481
38, 170, 98, 46, 170, 328, 253, 335, 381, 488, 487, 481
39, 131, 98, 46, 170, 253, 335, 381, 488, 487, 481
40, 144, 98, 46, 170, 377, 378, 384, 382, 385, 395, 399, 253, 335, 381, 488, 487, 481
41, 138, 98, 46, 170, 450, 437, 253, 335, 381, 488, 487, 481
42, 163, 98, 46, 170, 222, 206, 220, 215, 218, 204, 221, 205, 214, 401, 400, 404, 406, 405, 408, 409, 411, 410, 412, 438, 490, 414, 416, 482, 413, 417, 486, 489, 491, 493, 494, 496, 495, 253, 335, 381, 488, 487, 481
43, 143, 98, 46, 170, 296, 434, 253, 335, 381, 488, 487, 481
44, 138, 98, 46, 170, 340, 407, 485, 465, 459, 335, 481, 453, 253, 335, 381, 488, 487, 481
45, 143, 98, 46, 170, 249, 265, 239, 261, 358, 429, 346, 253, 335, 381, 488, 487, 481
46, 1, 376
47, 148, 98, 46, 170, 284, 282, 462, 253, 335, 381, 488, 487, 481
48, 128, 98, 46, 170, 346, 430, 253, 335, 381, 488, 487, 481
49, 131, 98, 46, 170, 253, 335, 381, 488, 487, 481
50, 144, 98, 46, 170, 377, 378, 384, 382, 385, 395, 399, 253, 335, 381, 488, 487, 481
51, 140, 98, 46, 170, 372, 454, 253, 335, 381, 488, 487, 481
52, 130, 98, 46, 170, 253, 335, 381, 488, 487, 481
53, 136, 98, 46, 170, 253, 335, 381, 488, 487, 481
54, 137, 98, 46, 170, 278, 281, 336, 337, 253, 335, 381, 488, 487, 481
55, 128, 98, 46, 170, 346, 430, 253, 335, 381, 488, 487, 481
56, 131, 98, 46, 170, 213, 253, 335, 381, 488, 487, 481
57, 130, 98, 46, 170, 253, 335, 381, 488, 487, 481
58, 142, 98, 46, 170, 364, 492, 253, 335, 381, 488, 487, 481
59, 127, 98, 46, 170, 253, 335, 381, 488, 487, 481
60, 147, 98, 46, 170, 463, 253, 335, 381, 488, 487, 481
61, 275, 98, 46, 170, 452, 253, 335, 381, 488, 487, 481
62, 131, 98, 46, 170, 253, 335, 381, 488, 487, 481
63, 126, 98, 46, 170, 287, 253, 335, 381, 488, 487, 481
64, 137, 98, 46, 170, 371, 371, 492, 253, 335, 381, 488, 487, 481
65, 126, 98, 46, 170, 265, 253, 335, 381, 488, 487, 481
66, 126, 98, 46, 170, 310, 253, 335, 381, 488, 487, 481
67, 159, 98, 46, 170, 460, 458, 455, 253, 335, 381, 488, 487, 481
68, 144, 98, 46, 170, 377, 378, 384, 382, 385, 395, 399, 253, 335, 381, 488, 487, 481
69, 131, 98, 46, 170, 253, 335, 381, 488, 487, 481
70, 126, 98, 46, 170, 388, 253, 335, 381, 488, 487, 481
71, 129, 98, 46, 170, 453, 457, 453, 253, 335, 381, 488, 487, 481
72, 129, 98, 46, 170, 453, 457, 453, 253, 335, 381, 488, 487, 481
73, 133, 98, 46, 170, 253, 335, 381, 488, 487, 481
74, 134, 98, 46, 170, 456, 253, 335, 381, 488, 487, 481
75, 132, 98, 46, 170, 253, 335, 381, 488, 487, 481
76, 132, 98, 46, 170, 253, 335, 381, 488, 487, 481
77, 138, 98, 46, 170, 379, 444, 379, 253, 335, 381, 488, 487, 481
78, 131, 98, 46, 170, 358, 253, 335, 381, 488, 487, 481
79, 138, 98, 46, 170, 358, 358, 253, 335, 381, 488, 487, 481
80, 131, 98, 46, 170, 358, 253, 335, 381, 488, 487, 481
81, 134, 98, 46, 170, 449, 449, 253, 335, 381, 488, 487, 481
82, 136, 98, 46, 170, 253, 335, 381, 488, 487, 481
83, 143, 98, 46, 170, 253, 335, 381, 488, 487, 481
84, 142, 98, 46, 170, 444, 444, 253, 335, 381, 488, 487, 481
85, 127, 98, 46, 170, 253, 335, 381, 488, 487, 481
86, 130, 98, 46, 170, 41, 487, 253, 335, 381, 488, 487, 481
87, 139, 98, 46, 170, 253, 335, 381, 488, 487, 481
88, 127, 98, 46, 170, 253, 335, 381, 488, 487, 481
89, 146, 98, 46, 170, 379, 253, 335, 381, 488, 487, 481
90, 126, 98, 46, 170, 253, 335, 381, 488, 487, 481
91, 131, 98, 46, 170, 253, 335, 381, 488, 487, 481
92, 143, 98, 46, 170, 253, 335, 381, 488, 487, 481
93, 128, 98, 46, 170, 472, 253, 335, 381, 488, 487, 481
94, 144, 98, 46, 170, 377, 378, 384, 382, 385, 395, 399, 253, 335, 381, 488, 487, 481
95, 132, 98, 46, 170, 253, 335, 381, 488, 487, 481
96, 132, 98, 46, 170, 253, 335, 381, 488, 487, 481
97, 130, 98, 46, 170, 253, 335, 381, 488, 487, 481
98, 100, 436, 431, 435, 433, 20
99, 157, 471
100, 0
101, 127, 98, 46, 170, 253, 335, 381, 488, 487, 481
102, 70, 115, 116, 51, 248, 324, 487
103, 129, 98, 46, 170, 346, 253, 335, 381, 488, 487, 481
104, 131, 98, 46, 170, 253, 335, 381, 488, 487, 481
105, 127, 98, 46, 170, 253, 335, 381, 488, 487, 481
106, 128, 98, 46, 170, 253, 335, 381, 488, 487, 481
107, 128, 98, 46, 170, 253, 335, 381, 488, 487, 481
108, 130, 98, 46, 170, 253, 335, 381, 488, 487, 481
109, 147, 98, 46, 170, 253, 335, 381, 488, 487, 481
110, 127, 98, 46, 170, 253, 335, 381, 488, 487, 481
111, 127, 98, 46, 170, 253, 335, 381, 488, 487, 481
112, 132, 98, 46, 170, 463, 253, 335, 381, 488, 487, 481
113, 127, 98, 46, 170, 253, 335, 381, 488, 487, 481
114, 119, 98, 46, 170, 253, 335, 381, 488, 487, 481
115, 138, 98, 46, 170, 253, 335, 381, 488, 487, 481
116, 125, 98, 46, 170, 253, 335, 381, 488, 487, 481
117, 173, 98, 46, 170, 357, 383, 421, 484, 53, 470, 481, 335, 380, 453, 253, 335, 381, 488, 487, 481
118, 125, 1, 118, 238, 373, 415, 461, 122
119, 125, 1, 118, 238, 373, 415, 461, 122
120, 152, 30, 122, 241, 374, 30, 122, 374, 122, 30, 241
121, 130, 1, 118, 238, 373, 415, 461
122, 194, 30, 122, 241, 374, 30, 122, 374, 122, 30, 241
123, 126, 1, 118, 238, 373, 415, 461
124, 139, 1, 118, 238, 373, 415, 461
125, 160, 1, 118, 238, 373, 415, 461
126, 135, 1, 118, 238, 373, 415, 461
127, 142, 1, 118, 238, 373, 415, 461, 373, 238, 415
128, 138, 1, 118, 238, 373, 415, 461
129, 145, 1, 118, 238, 373, 415, 461
130, 134, 1, 118, 238, 373, 415, 461
131, 127, 1, 118, 238, 373, 415, 461
132, 138, 98, 46, 170, 340, 407, 485, 465, 459, 335, 481, 453, 253, 335, 381, 488, 487, 481
133, 146, 98, 46, 170, 253, 335, 381, 488, 487, 481
134, 152, 98, 46, 170, 213, 279, 280, 282, 283, 284, 198, 402, 403, 483, 253, 335, 381, 488, 487, 481
135, 171, 98, 46, 170, 245, 380, 335, 472, 453, 483, 253, 335, 381, 488, 487, 481
136, 131, 98, 46, 170, 213, 253, 335, 381, 488, 487, 481
137, 131, 98, 46, 170, 213, 253, 335, 381, 488, 487, 481
138, 131, 98, 46, 170, 213, 253, 335, 381, 488, 487, 481
139, 170, 98, 46, 170, 328, 253, 335, 381, 488, 487, 481
140, 131, 98, 46, 170, 213, 253, 335, 381, 488, 487, 481
141, 170, 98, 46, 170, 328, 253, 335, 381, 488, 487, 481
142, 170, 98, 46, 170, 328, 253, 335, 381, 488, 487, 481
143, 131, 98, 46, 170, 213, 253, 335, 381, 488, 487, 481
144, 170, 98, 46, 170, 328, 253, 335, 381, 488, 487, 481
145, 131, 98, 46, 170, 253, 335, 381, 488, 487, 481
146, 131, 98, 46, 170, 253, 335, 381, 488, 487, 481
147, 170, 98, 46, 170, 328, 253, 335, 381, 488, 487, 481
148, 131, 98, 46, 170, 253, 335, 381, 488, 487, 481
149, 138, 98, 46, 170, 450, 437, 253, 335, 381, 488, 487, 481
150, 131, 98, 46, 170, 253, 335, 381, 488, 487, 481
151, 138, 98, 46, 170, 450, 437, 253, 335, 381, 488, 487, 481
152, 131, 98, 46, 170, 253, 335, 381, 488, 487, 481
153, 138, 98, 46, 170, 450, 437, 253, 335, 381, 488, 487, 481
154, 138, 98, 46, 170, 450, 437, 253, 335, 381, 488, 487, 481
155, 138, 98, 46, 170, 450, 437, 253, 335, 381, 488, 487, 481
156, 143, 98, 46, 170, 296, 434, 253, 335, 381, 488, 487, 481
157, 143, 98, 46, 170, 296, 434, 253, 335, 381, 488, 487, 481
158, 143, 98, 46, 170, 296, 434, 253, 335, 381, 488, 487, 481
159, 143, 98, 46, 170, 249, 265, 239, 261, 358, 429, 346, 253, 335, 381, 488, 487, 481
160, 143, 98, 46, 170, 249, 265, 239, 261, 358, 429, 346, 253, 335, 381, 488, 487, 481
161, 143, 98, 46, 170, 249, 265, 239, 261, 358, 429, 346, 253, 335, 381, 488, 487, 481
162, 163, 98, 46, 170, 222, 206, 220, 215, 218, 204, 221, 205, 214, 401, 400, 404, 406, 405, 408, 409, 411, 410, 412, 438, 490, 414, 416, 482, 413, 417, 486, 489, 491, 493, 494, 496, 495, 253, 335, 381, 488, 487, 481
163, 143, 98, 46, 170, 249, 265, 239, 261, 358, 429, 346, 253, 335, 381, 488, 487, 481
164, 163, 98, 46, 170, 222, 206, 220, 215, 218, 204, 221, 205, 214, 401, 400, 404, 406, 405, 408, 409, 411, 410, 412, 438, 490, 414, 416, 482, 413, 417, 486, 489, 491, 493, 494, 496, 495, 253, 335, 381, 488, 487, 481
165, 143, 98, 46, 170, 249, 265, 239, 261, 358, 429, 346, 253, 335, 381, 488, 487, 481
166, 163, 98, 46, 170, 222, 206, 220, 215, 218, 204, 221, 205, 214, 401, 400, 404, 406, 405, 408, 409, 411, 410, 412, 438, 490, 414, 416, 482, 413, 417, 486, 489, 491, 493, 494, 496, 495, 253, 335, 381, 488, 487, 481
167, 143, 98, 46, 170, 296, 434, 253, 335, 381, 488, 487, 481
168, 143, 98, 46, 170, 296, 434, 253, 335, 381, 488, 487, 481
169, 163, 98, 46, 170, 222, 206, 220, 215, 218, 204, 221, 205, 214, 401, 400, 404, 406, 405, 408, 409, 411, 410, 412, 438, 490, 414, 416, 482, 413, 417, 486, 489, 491, 493, 494, 496, 495, 253, 335, 381, 488, 487, 481
170, 178, 20
171, 163, 98, 46, 170, 222, 206, 220, 215, 218, 204, 221, 205, 214, 401, 400, 404, 406, 405, 408, 409, 411, 410, 412, 438, 490, 414, 416, 482, 413, 417, 486, 489, 491, 493, 494, 496, 495, 253, 335, 381, 488, 487, 481
172, 148, 98, 46, 170, 284, 282, 462, 253, 335, 381, 488, 487, 481
173, 148, 98, 46, 170, 284, 282, 462, 253, 335, 381, 488, 487, 481
174, 148, 98, 46, 170, 284, 282, 462, 253, 335, 381, 488, 487, 481
175, 148, 98, 46, 170, 284, 282, 462, 253, 335, 381, 488, 487, 481
176, 148, 98, 46, 170, 284, 282, 462, 253, 335, 381, 488, 487, 481
177, 128, 98, 46, 170, 346, 430, 253, 335, 381, 488, 487, 481
178, 128, 98, 46, 170, 346, 430, 253, 335, 381, 488, 487, 481
179, 128, 98, 46, 170, 346, 430, 253, 335, 381, 488, 487, 481
180, 131, 98, 46, 170, 253, 335, 381, 488, 487, 481
181, 131, 98, 46, 170, 253, 335, 381, 488, 487, 481
182, 128, 98, 46, 170, 346, 430, 253, 335, 381, 488, 487, 481
183, 152, 30, 122, 241, 374, 30, 122, 374, 122, 30, 241
184, 131, 98, 46, 170, 253, 335, 381, 488, 487, 481
185, 128, 98, 46, 170, 346, 430, 253, 335, 381, 488, 487, 481
186, 131, 98, 46, 170, 253, 335, 381, 488, 487, 481
187, 140, 98, 46, 170, 372, 454, 253, 335, 381, 488, 487, 481
188, 140, 98, 46, 170, 372, 454, 253, 335, 381, 488, 487, 481
189, 131, 98, 46, 170, 253, 335, 381, 488, 487, 481
190, 140, 98, 46, 170, 372, 454, 253, 335, 381, 488, 487, 481
191, 140, 98, 46, 170, 372, 454, 253, 335, 381, 488, 487, 481
192, 130, 98, 46, 170, 253, 335, 381, 488, 487, 481
193, 130, 98, 46, 170, 253, 335, 381, 488, 487, 481
194, 136, 98, 46, 170, 253, 335, 381, 488, 487, 481
195, 130, 98, 46, 170, 253, 335, 381, 488, 487, 481
196, 130, 98, 46, 170, 253, 335, 381, 488, 487, 481
197, 136, 98, 46, 170, 253, 335, 381, 488, 487, 481
198, 165, 98, 46, 170, 253, 335, 381, 488, 487, 481
199, 136, 98, 46, 170, 253, 335, 381, 488, 487, 481
200, 137, 98, 46, 170, 278, 281, 336, 337, 253, 335, 381, 488, 487, 481
201, 137, 98, 46, 170, 278, 281, 336, 337, 253, 335, 381, 488, 487, 481
202, 137, 98, 46, 170, 278, 281, 336, 337, 253, 335, 381, 488, 487, 481
203, 137, 98, 46, 170, 278, 281, 336, 337, 253, 335, 381, 488, 487, 481
204, 32, 116, 20
205, 32, 116, 20
206, 32, 116, 20
207, 136, 98, 46, 170, 253, 335, 381, 488, 487, 481
208, 137, 98, 46, 170, 278, 281, 336, 337, 253, 335, 381, 488, 487, 481
209, 130, 98, 46, 170, 253, 335, 381, 488, 487, 481
210, 164, 98, 46, 170, 253, 335, 381, 488, 487, 481
211, 130, 98, 46, 170, 253, 335, 381, 488, 487, 481
212, 136, 98, 46, 170, 253, 335, 381, 488, 487, 481
213, 46, 116, 20
214, 32, 116, 20
215, 32, 116, 20
216, 130, 98, 46, 170, 253, 335, 381, 488, 487, 481
217, 127, 98, 46, 170, 253, 335, 381, 488, 487, 481
218, 32, 116, 20
219, 130, 98, 46, 170, 253, 335, 381, 488, 487, 481
220, 32, 116, 20
221, 32, 116, 20
222, 32, 116, 20
223, 138, 98, 46, 170, 253, 335, 381, 488, 487, 481
224, 140, 98, 46, 170, 372, 454, 253, 335, 381, 488, 487, 481
225, 142, 98, 46, 170, 364, 492, 253, 335, 381, 488, 487, 481
226, 127, 98, 46, 170, 253, 335, 381, 488, 487, 481
227, 130, 98, 46, 170, 253, 335, 381, 488, 487, 481
228, 142, 98, 46, 170, 364, 492, 253, 335, 381, 488, 487, 481
229, 142, 98, 46, 170, 364, 492, 253, 335, 381, 488, 487, 481
230, 127, 98, 46, 170, 253, 335, 381, 488, 487, 481
231, 130, 98, 46, 170, 253, 335, 381, 488, 487, 481
232, 127, 98, 46, 170, 253, 335, 381, 488, 487, 481
233, 136, 98, 46, 170, 253, 335, 381, 488, 487, 481
234, 142, 98, 46, 170, 364, 492, 253, 335, 381, 488, 487, 481
235, 124, 98, 46, 170, 253, 335, 381, 488, 487, 481
236, 142, 98, 46, 170, 364, 492, 253, 335, 381, 488, 487, 481
237, 127, 98, 46, 170, 253, 335, 381, 488, 487, 481
238, 10
239, 52, 239, 239
240, 147, 98, 46, 170, 463, 253, 335, 381, 488, 487, 481
241, 9
242, 275, 98, 46, 170, 452, 253, 335, 381, 488, 487, 481
243, 275, 98, 46, 170, 452, 253, 335, 381, 488, 487, 481
244, 275, 98, 46, 170, 452, 253, 335, 381, 488, 487, 481
245, 764, 20, 465, 335, 465, 463, 358, 483, 335, 463, 483, 20, 20, 421, 253, 465, 335, 465, 463, 358, 483, 335, 463, 483, 20, 20, 421, 253, 382, 385, 378, 384, 377, 20, 324, 421, 335, 450
246, 275, 98, 46, 170, 452, 253, 335, 381, 488, 487, 481
247, 275, 98, 46, 170, 452, 253, 335, 381, 488, 487, 481
248, 139, 98, 46, 170, 372, 481, 437, 253, 335, 381, 488, 487, 481
249, 243, 265, 261, 239, 239
250, 275, 98, 46, 170, 452, 253, 335, 381, 488, 487, 481
251, 147, 98, 46, 170, 463, 253, 335, 381, 488, 487, 481
252, 227, 100, 375, 100, 375
253, 55, 20, 20, 481
254, 275, 98, 46, 170, 452, 253, 335, 381, 488, 487, 481
255, 275, 98, 46, 170, 452, 253, 335, 381, 488, 487, 481
256, 275, 98, 46, 170, 452, 253, 335, 381, 488, 487, 481
257, 147, 98, 46, 170, 463, 253, 335, 381, 488, 487, 481
258, 147, 98, 46, 170, 463, 253, 335, 381, 488, 487, 481
259, 275, 98, 46, 170, 452, 253, 335, 381, 488, 487, 481
260, 275, 98, 46, 170, 452, 253, 335, 381, 488, 487, 481
261, 63, 265, 261, 239, 239
262, 275, 98, 46, 170, 452, 253, 335, 381, 488, 487, 481
263, 275, 98, 46, 170, 452, 253, 335, 381, 488, 487, 481
264, 275, 98, 46, 170, 452, 253, 335, 381, 488, 487, 481
265, 56, 265, 261, 239, 239
266, 275, 98, 46, 170, 452, 253, 335, 381, 488, 487, 481
267, 275, 98, 46, 170, 452, 253, 335, 381, 488, 487, 481
268, 147, 98, 46, 170, 463, 253, 335, 381, 488, 487, 481
269, 275, 98, 46, 170, 452, 253, 335, 381, 488, 487, 481
270, 275, 98, 46, 170, 452, 253, 335, 381, 488, 487, 481
271, 275, 98, 46, 170, 452, 253, 335, 381, 488, 487, 481
272, 275, 98, 46, 170, 452, 253, 335, 381, 488, 487, 481
273, 275, 98, 46, 170, 452, 253, 335, 381, 488, 487, 481
274, 275, 98, 46, 170, 452, 253, 335, 381, 488, 487, 481
275, 275, 98, 46, 170, 452, 253, 335, 381, 488, 487, 481
276, 275, 98, 46, 170, 452, 253, 335, 381, 488, 487, 481
277, 275, 98, 46, 170, 452, 253, 335, 381, 488, 487, 481
278, 48, 2, 5, 9, 10, 12, 421, 450
279, 34, 2, 5, 9, 10, 12, 421, 450
280, 56, 2, 5, 9, 10, 12, 324, 421, 450
281, 44, 2, 5, 9, 10, 12, 421, 450
282, 46, 2, 5, 9, 10, 12, 462, 358, 421, 450
283, 39, 2, 5, 9, 10, 12, 421, 450
284, 49, 2, 5, 9, 10, 12, 421, 450
285, 126, 98, 46, 170, 287, 253, 335, 381, 488, 487, 481
286, 126, 98, 46, 170, 287, 253, 335, 381, 488, 487, 481
287, 49, 2, 5, 9, 10, 12, 421, 450
288, 126, 98, 46, 170, 287, 253, 335, 381, 488, 487, 481
289, 137, 98, 46, 170, 371, 371, 492, 253, 335, 381, 488, 487, 481
290, 126, 98, 46, 170, 287, 253, 335, 381, 488, 487, 481
291, 126, 98, 46, 170, 287, 253, 335, 381, 488, 487, 481
292, 137, 98, 46, 170, 371, 371, 492, 253, 335, 381, 488, 487, 481
293, 137, 98, 46, 170, 371, 371, 492, 253, 335, 381, 488, 487, 481
294, 137, 98, 46, 170, 371, 371, 492, 253, 335, 381, 488, 487, 481
295, 137, 98, 46, 170, 371, 371, 492, 253, 335, 381, 488, 487, 481
296, 27, 20
297, 126, 98, 46, 170, 265, 253, 335, 381, 488, 487, 481
298, 126, 98, 46, 170, 265, 253, 335, 381, 488, 487, 481
299, 126, 98, 46, 170, 265, 253, 335, 381, 488, 487, 481
300, 126, 98, 46, 170, 265, 253, 335, 381, 488, 487, 481
301, 126, 98, 46, 170, 265, 253, 335, 381, 488, 487, 481
302, 126, 98, 46, 170, 310, 253, 335, 381, 488, 487, 481
303, 126, 98, 46, 170, 310, 253, 335, 381, 488, 487, 481
304, 126, 98, 46, 170, 310, 253, 335, 381, 488, 487, 481
305, 126, 98, 46, 170, 310, 253, 335, 381, 488, 487, 481
306, 126, 98, 46, 170, 310, 253, 335, 381, 488, 487, 481
307, 159, 98, 46, 170, 460, 458, 455, 253, 335, 381, 488, 487, 481
308, 159, 98, 46, 170, 460, 458, 455, 253, 335, 381, 488, 487, 481
309, 159, 98, 46, 170, 460, 458, 455, 253, 335, 381, 488, 487, 481
310, 48, 2, 5, 9, 10, 12, 421, 450
311, 159, 98, 46, 170, 460, 458, 455, 253, 335, 381, 488, 487, 481
312, 159, 98, 46, 170, 460, 458, 455, 253, 335, 381, 488, 487, 481
313, 131, 98, 46, 170, 253, 335, 381, 488, 487, 481
314, 131, 98, 46, 170, 253, 335, 381, 488, 487, 481
315, 131, 98, 46, 170, 253, 335, 381, 488, 487, 481
316, 131, 98, 46, 170, 253, 335, 381, 488, 487, 481
317, 126, 98, 46, 170, 388, 253, 335, 381, 488, 487, 481
318, 131, 98, 46, 170, 253, 335, 381, 488, 487, 481
319, 126, 98, 46, 170, 388, 253, 335, 381, 488, 487, 481
320, 126, 98, 46, 170, 388, 253, 335, 381, 488, 487, 481
321, 159, 98, 46, 170, 460, 458, 455, 253, 335, 381, 488, 487, 481
322, 126, 98, 46, 170, 388, 253, 335, 381, 488, 487, 481
323, 129, 98, 46, 170, 453, 457, 453, 253, 335, 381, 488, 487, 481
324, 128, 98, 46, 170, 253, 335, 381, 488, 487, 481
325, 129, 98, 46, 170, 453, 457, 453, 253, 335, 381, 488, 487, 481
326, 129, 98, 46, 170, 453, 457, 453, 253, 335, 381, 488, 487, 481
327, 126, 98, 46, 170, 388, 253, 335, 381, 488, 487, 481
328, 70, 115, 116, 51, 248, 324, 487
329, 129, 98, 46, 170, 453, 457, 453, 253, 335, 381, 488, 487, 481
330, 133, 98, 46, 170, 253, 335, 381, 488, 487, 481
331, 129, 98, 46, 170, 453, 457, 453, 253, 335, 381, 488, 487, 481
332, 133, 98, 46, 170, 253, 335, 381, 488, 487, 481
333, 16, 421, 335, 487, 450
334, 133, 98, 46, 170, 253, 335, 381, 488, 487, 481
335, 289, 2, 465, 335, 335, 2
336, 93, 5, 9, 10, 12, 27, 5, 9, 10, 12, 27, 336, 39, 5, 9, 10, 12, 27, 5, 9, 10, 12, 27, 336, 20, 450
337, 70, 5, 9, 10, 12, 27, 5, 9, 10, 12, 27, 336, 39, 5, 9, 10, 12, 27, 5, 9, 10, 12, 27, 20, 450
338, 134, 98, 46, 170, 456, 253, 335, 381, 488, 487, 481
339, 134, 98, 46, 170, 456, 253, 335, 381, 488, 487, 481
340, 99
341, 134, 98, 46, 170, 456, 253, 335, 381, 488, 487, 481
342, 133, 98, 46, 170, 253, 335, 381, 488, 487, 481
343, 133, 98, 46, 170, 253, 335, 381, 488, 487, 481
344, 134, 98, 46, 170, 456, 253, 335, 381, 488, 487, 481
345, 134, 98, 46, 170, 456, 253, 335, 381, 488, 487, 481
346, 272, 346, 346, 378, 378, 115, 421
347, 132, 98, 46, 170, 253, 335, 381, 488, 487, 481
348, 132, 98, 46, 170, 253, 335, 381, 488, 487, 481
349, 132, 98, 46, 170, 253, 335, 381, 488, 487, 481
350, 132, 98, 46, 170, 253, 335, 381, 488, 487, 481
351, 132, 98, 46, 170, 253, 335, 381, 488, 487, 481
352, 138, 98, 46, 170, 379, 444, 379, 253, 335, 381, 488, 487, 481
353, 138, 98, 46, 170, 379, 444, 379, 253, 335, 381, 488, 487, 481
354, 138, 98, 46, 170, 379, 444, 379, 253, 335, 381, 488, 487, 481
355, 138, 98, 46, 170, 379, 444, 379, 253, 335, 381, 488, 487, 481
356, 138, 98, 46, 170, 379, 444, 379, 253, 335, 381, 488, 487, 481
357, 95, 10, 372, 20
358, 0
359, 132, 98, 46, 170, 253, 335, 381, 488, 487, 481
360, 132, 98, 46, 170, 253, 335, 381, 488, 487, 481
361, 132, 98, 46, 170, 253, 335, 381, 488, 487, 481
362, 132, 98, 46, 170, 253, 335, 381, 488, 487, 481
363, 132, 98, 46, 170, 253, 335, 381, 488, 487, 481
364, 90
365, 128, 98, 46, 170, 472, 253, 335, 381, 488, 487, 481
366, 128, 98, 46, 170, 472, 253, 335, 381, 488, 487, 481
367, 128, 98, 46, 170, 472, 253, 335, 381, 488, 487, 481
368, 128, 98, 46, 170, 472, 253, 335, 381, 488, 487, 481
369, 128, 98, 46, 170, 472, 253, 335, 381, 488, 487, 481
370, 152, 30, 122, 241, 374, 30, 122, 374, 122, 30, 241
371, 56, 2, 371, 371, 284
372, 81, 20
373, 8
374, 140, 30, 122, 241, 374, 30, 122, 374, 122, 30, 241
375, 65
376, 9
377, 113, 20, 253, 115, 116, 395, 377, 253
378, 108, 20, 253, 115, 116, 395, 377, 253
379, 116
380, 302, 2, 465, 335, 2
381, 76, 20
382, 108, 20, 253, 115, 116, 395, 377, 253
383, 60, 20
384, 109, 20, 253, 115, 116, 395, 377, 253
385, 106, 20, 253, 115, 116, 346, 395, 377, 253
386, 131, 98, 46, 170, 358, 253, 335, 381, 488, 487, 481
387, 131, 98, 46, 170, 358, 253, 335, 381, 488, 487, 481
388, 88
389, 131, 98, 46, 170, 358, 253, 335, 381, 488, 487, 481
390, 131, 98, 46, 170, 358, 253, 335, 381, 488, 487, 481
391, 131, 98, 46, 170, 358, 253, 335, 381, 488, 487, 481
392, 132, 98, 46, 170, 253, 335, 381, 488, 487, 481
393, 132, 98, 46, 170, 253, 335, 381, 488, 487, 481
394, 132, 98, 46, 170, 253, 335, 381, 488, 487, 481
395, 105, 20, 253, 115, 116, 395, 377, 253
396, 132, 98, 46, 170, 253, 335, 381, 488, 487, 481
397, 132, 98, 46, 170, 253, 335, 381, 488, 487, 481
398, 144, 98, 46, 170, 377, 378, 384, 382, 385, 395, 399, 253, 335, 381, 488, 487, 481
399, 167, 20, 253, 115, 116, 395, 253
400, 32, 116, 20
401, 103, 20, 253, 115, 116, 395, 377, 253
402, 105, 20, 253, 115, 116, 395, 377, 253
403, 106, 20, 253, 115, 116, 395, 377, 253
404, 32, 116, 20
405, 32, 116, 20
406, 32, 116, 20
407, 17, 340
408, 32, 116, 20
409, 32, 116, 20
410, 32, 116, 20
411, 32, 116, 20
412, 32, 116, 20
413, 32, 116, 20
414, 32, 116, 20
415, 42, 450
416, 32, 116, 20
417, 32, 116, 20
418, 130, 98, 46, 170, 253, 335, 381, 488, 487, 481
419, 130, 98, 46, 170, 253, 335, 381, 488, 487, 481
420, 138, 98, 46, 170, 358, 358, 253, 335, 381, 488, 487, 481
421, 55, 20, 20, 481
422, 130, 98, 46, 170, 253, 335, 381, 488, 487, 481
423, 130, 98, 46, 170, 253, 335, 381, 488, 487, 481
424, 130, 98, 46, 170, 253, 335, 381, 488, 487, 481
425, 138, 98, 46, 170, 358, 358, 253, 335, 381, 488, 487, 481
426, 138, 98, 46, 170, 358, 358, 253, 335, 381, 488, 487, 481
427, 138, 98, 46, 170, 358, 358, 253, 335, 381, 488, 487, 481
428, 138, 98, 46, 170, 358, 358, 253, 335, 381, 488, 487, 481
429, 105, 2, 324
430, 105
431, 68, 253, 20
432, 100, 436, 431, 435, 433, 20
433, 54, 253, 20
434, 111, 2
435, 77, 253, 20
436, 59, 253, 20
437, 23, 450
438, 32, 116, 20
439, 134, 98, 46, 170, 449, 449, 253, 335, 381, 488, 487, 481
440, 134, 98, 46, 170, 449, 449, 253, 335, 381, 488, 487, 481
441, 134, 98, 46, 170, 449, 449, 253, 335, 381, 488, 487, 481
442, 134, 98, 46, 170, 449, 449, 253, 335, 381, 488, 487, 481
443, 134, 98, 46, 170, 449, 449, 253, 335, 381, 488, 487, 481
444, 77
445, 136, 98, 46, 170, 253, 335, 381, 488, 487, 481
446, 136, 98, 46, 170, 253, 335, 381, 488, 487, 481
447, 136, 98, 46, 170, 253, 335, 381, 488, 487, 481
448, 136, 98, 46, 170, 253, 335, 381, 488, 487, 481
449, 107
450, 188, 471, 2, 471, 2
451, 136, 98, 46, 170, 253, 335, 381, 488, 487, 481
452, 54, 452, 462
453, 107, 340
454, 2
455, 45, 2, 5, 9, 10, 12, 421, 450
456, 98
457, 151
458, 70, 2
459, 120, 98, 46, 170, 253, 335, 381, 488, 487, 481
460, 54, 2
461, 24, 118
462, 67, 5, 9, 10, 12, 27, 2, 462, 399, 385, 384, 395
463, 101, 20, 20
464, 143, 98, 46, 170, 253, 335, 381, 488, 487, 481
465, 304, 2, 465, 335, 465, 465, 2
466, 143, 98, 46, 170, 253, 335, 381, 488, 487, 481
467, 143, 98, 46, 170, 253, 335, 381, 488, 487, 481
468, 143, 98, 46, 170, 253, 335, 381, 488, 487, 481
469, 143, 98, 46, 170, 253, 335, 381, 488, 487, 481
470, 85, 20
471, 157, 471
472, 105, 20, 450
473, 157, 471
474, 118, 471
475, 164, 471
476, 146, 98, 46, 170, 379, 253, 335, 381, 488, 487, 481
477, 146, 98, 46, 170, 379, 253, 335, 381, 488, 487, 481
478, 146, 98, 46, 170, 379, 253, 335, 381, 488, 487, 481
479, 146, 98, 46, 170, 379, 253, 335, 381, 488, 487, 481
480, 135, 30, 122, 241, 374, 30, 122, 374, 122, 30, 241
481, 188, 471, 2, 471, 2
482, 32, 116, 20
483, 69, 2, 253, 450
484, 110, 484, 484, 20
485, 88, 20, 450
486, 32, 116, 20
487, 118, 484, 484, 20
488, 29, 399, 2
489, 32, 116, 20
490, 32, 116, 20
491, 32, 116, 20
492, 70, 492, 492, 2
493, 32, 116, 20
494, 32, 116, 20
495, 46, 116, 20
496, 32, 116, 20
